{
	"projectInfos": {
		"numberOfClasses": 16,
		"numberOfInterfaces": 1,
		"numberOfAnnotations": 0,
		"numberOfRecords": 0,
		"numberOfEnums": 0,
		"totNumberOfEntities": 17,
		"numberOfEntitiesWithSuperClass": 9,
		"numberOfEntitesWithChildren": 3,
		"anyj": 0.28070176,
		"dir": 0.3515625,
		"anyc": 0.30701753,
		"wjpd": 2.8947368
	},
	"entities": [
		{
			"documentation": "",
			"name": "snakes.Die",
			"extends": "",
			"Methods": [
				{
					"signature": "public Die()",
					"documentation": "",
					"line": 7,
					"code": "\n\n    public Die() {\n        faces = 6;\n    }"
				},
				{
					"signature": "public Die(int inputFaces)",
					"documentation": "",
					"line": 11,
					"code": "\n    public Die(int inputFaces) {\n        faces = inputFaces;\n    }"
				},
				{
					"signature": "public int getFaces()",
					"documentation": "",
					"line": 15,
					"code": "\n    public int getFaces(){\n        return faces;\n    }"
				},
				{
					"signature": "public int roll()",
					"documentation": "",
					"line": 19,
					"code": "\n    public int roll() {\n        int result = 1 + (int) (faces * Math.random());\n        assert result \u003e= 1 \u0026\u0026 result \u003c= faces;\n        return result;\n    }"
				}
			],
			"interfaces": [],
			"path": "/exercise02-toy-project/src/snakes/Die.java",
			"type": "class",
			"isTest": false,
			"testClasses": [
				"snakes.DieTest"
			],
			"subClasses": [],
			"implementedBy": [],
			"uses": [],
			"usedBy": [
				"snakes.Game",
				"snakes.squares.SleepSquare"
			],
			"isPrivate": false,
			"InnerClasses": [],
			"anyj": 0,
			"dir": 0,
			"anyc": 0,
			"wjpd": 0
		},
		{
			"documentation": "",
			"name": "snakes.Game",
			"extends": "",
			"Methods": [
				{
					"signature": "private boolean invariant()",
					"documentation": "",
					"line": 18,
					"code": "\n\n    private boolean invariant() {\n        return squares.size() \u003e 3\n                \u0026\u0026 size == squares.size()\n                \u0026\u0026 players.size() \u003e 1;\n    }\n\n    public Game(int size, Player[] initPlayers) {\n        this.size = size;\n        this.addSquares(size);\n        this.addPlayers(initPlayers);\n        this.die = new Die();\n        this.losers = new ArrayList\u003cPlayer\u003e();\n        assert invariant();\n    }"
				},
				{
					"signature": "public boolean isValidPosition(int position)",
					"documentation": "",
					"line": 33,
					"code": "\n    public boolean isValidPosition(int position) {\n        return position \u003e= 1 \u0026\u0026 position \u003c= size;\n    }\n\n    public static void main(String args[]) {\n        Player[] players = { new Player(\"Jack\"), new Player(\"Jill\") };\n        Game game = new Game(15, players);\n        game.setSquareToLadder(2, 4);\n        game.setSquareToLadder(6, 2);\n        game.setSquareToSnake(11, -6);\n        game.setSquare(12, new SleepSquare(game, 12));\n        game.setSquare(13, new InstantLoseSquare(game, 13));\n        game.setSquare(14, new AlarmSquare(game, 14));\n        game.play();\n    }"
				},
				{
					"signature": "public void play()",
					"documentation": "",
					"line": 49,
					"code": "\n    public void play() {\n        System.out.println(\"Initial state: \" + this);\n        while (this.notOver()) {\n            int roll = die.roll();\n            System.out.println(this.currentPlayer() + \" rolls \" + roll + \":  \" + this);\n            this.movePlayer(roll);\n        }\n        System.out.println(\"Final state:   \" + this);\n        System.out.println(this.winner() + \" wins!\");\n    }"
				},
				{
					"signature": "public boolean notOver()",
					"documentation": "",
					"line": 60,
					"code": "\n    public boolean notOver() {\n        return winner == null;\n    }"
				},
				{
					"signature": "public boolean isOver()",
					"documentation": "",
					"line": 64,
					"code": "\n    public boolean isOver() {\n        return !this.notOver();\n    }"
				},
				{
					"signature": "public Player currentPlayer()",
					"documentation": "",
					"line": 68,
					"code": "\n    public Player currentPlayer() {\n        return players.peek();\n    }"
				},
				{
					"signature": "public void movePlayer(int roll)",
					"documentation": "",
					"line": 72,
					"code": "\n    public void movePlayer(int roll) {\n        assert roll \u003e= 1 \u0026\u0026 roll \u003c= 6;\n\n        Player currentPlayer = players.peek(); // looks who is at the front of the queue without removing him\n        currentPlayer.moveForward(roll);\n        if (currentPlayer.isOnInstantLoseSquare()) {\n            losers.add(players.remove());\n        }\n        else {\n            rotatePlayerQueue();\n        }\n        if (currentPlayer.isOnAlarmSquare()) wakeUpAllPlayers();\n        if (players.size() == 1) winner = players.peek();\n        else {\n            if (currentPlayer.wins()) {\n                winner = currentPlayer;\n            }\n            assert invariant();\n        }\n    }"
				},
				{
					"signature": "private void rotatePlayerQueue()",
					"documentation": "",
					"line": 93,
					"code": "\n    private void rotatePlayerQueue() {\n        Player currentPlayer = players.remove(); // remove player from front of queue\n        players.add(currentPlayer); // and add him to the back of the queue\n        while (players.peek().isSleeping()) {\n            Player sleeper = players.remove();\n            sleeper.skipTurn();\n            players.add(sleeper);\n        }\n    }"
				},
				{
					"signature": "private void wakeUpAllPlayers()",
					"documentation": "",
					"line": 103,
					"code": "\n    private void wakeUpAllPlayers() {\n        for( Player player : players) player.wakeUp();\n    }"
				},
				{
					"signature": "public List\u003cString\u003e getSleepingPlayers()",
					"documentation": "",
					"line": 107,
					"code": "\n    public List\u003cString\u003e getSleepingPlayers() {\n        List\u003cString\u003e sleepingPlayers = new ArrayList\u003cString\u003e();\n        for( Player player : players) {\n            if (player.isSleeping()) sleepingPlayers.add(player.toString());\n        }\n        return sleepingPlayers;\n    }"
				},
				{
					"signature": "public void setSquare(int position, ISquare square)",
					"documentation": "",
					"line": 115,
					"code": "\n    public void setSquare(int position, ISquare square) {\n        // Do not change the type of the first or last square!\n        assert !this.getSquare(position).isLastSquare()\n                \u0026\u0026 !this.getSquare(position).isFirstSquare();\n        this.initSquare(position, square);\n        assert invariant();\n    }"
				},
				{
					"signature": "public Player winner()",
					"documentation": "",
					"line": 123,
					"code": "\n    public Player winner() {\n        return winner;\n    }"
				},
				{
					"signature": "public List\u003cPlayer\u003e losers()",
					"documentation": "",
					"line": 127,
					"code": "\n    public List\u003cPlayer\u003e losers() {\n        return losers;\n    }"
				},
				{
					"signature": "public ISquare firstSquare()",
					"documentation": "",
					"line": 131,
					"code": "\n    public ISquare firstSquare() {\n        return squares.get(0);\n    }"
				},
				{
					"signature": "public ISquare getSquare(int position)",
					"documentation": "",
					"line": 135,
					"code": "\n    public ISquare getSquare(int position) {\n        assert this.isValidPosition(position);\n        return squares.get(position - 1);\n    }"
				},
				{
					"signature": "public String toString()",
					"documentation": "",
					"line": 140,
					"code": "\n    public String toString() {\n        StringBuffer buffer = new StringBuffer();\n        for (ISquare square : squares) {\n            buffer.append(square.toString());\n        }\n        return buffer.toString();\n    }"
				},
				{
					"signature": "private void addSquares(int size)",
					"documentation": "",
					"line": 148,
					"code": "\n    private void addSquares(int size) {\n        squares = new ArrayList\u003cISquare\u003e();\n        for (int i = 0; i \u003c size; i++) {\n            StandardSquare square = new StandardSquare(this, i + 1);\n            squares.add(square);\n        }\n        this.initSquare(1, new FirstSquare(this, 1));\n        this.initSquare(size, new LastSquare(this, size));\n    }\n\n    private void addPlayers(Player[] initPlayers) {\n        players = new LinkedList\u003cPlayer\u003e();\n        for (Player player : initPlayers) {\n            player.joinGame(this);\n            players.add(player);\n        }\n    }"
				},
				{
					"signature": "private void initSquare(int position, ISquare square)",
					"documentation": "",
					"line": 166,
					"code": "\n    private void initSquare(int position, ISquare square) {\n        assert this.isValidPosition(position) \u0026\u0026 square != null;\n        squares.set(position - 1, square);\n    }"
				},
				{
					"signature": "public void setSquareToLadder(int position, int transport)",
					"documentation": "",
					"line": 171,
					"code": "\n    public void setSquareToLadder(int position, int transport) {\n        this.setSquare(position, new LadderSquare(transport, this, position));\n    }"
				},
				{
					"signature": "public void setSquareToSnake(int position, int transport)",
					"documentation": "",
					"line": 175,
					"code": "\n    public void setSquareToSnake(int position, int transport) {\n        this.setSquare(position, new SnakeSquare(transport, this, position));\n    }"
				},
				{
					"signature": "public ISquare findSquare(int position, int moves)",
					"documentation": "",
					"line": 179,
					"code": "\n    public ISquare findSquare(int position, int moves) {\n        assert position + moves \u003c= 2 * size - 1; // can't go more than size-1 moves backwards past end\n        int target = position + moves;\n        if (target \u003e size) { // reverse direction if we go past the end\n            target = size - (target - size);\n        }\n        return this.getSquare(target);\n    }"
				}
			],
			"interfaces": [],
			"path": "/exercise02-toy-project/src/snakes/Game.java",
			"type": "class",
			"isTest": false,
			"testClasses": [
				"snakes.SimpleGameTest",
				"snakes.squares.SquareTest"
			],
			"subClasses": [],
			"implementedBy": [],
			"uses": [
				"snakes.Die"
			],
			"usedBy": [
				"snakes.Player",
				"snakes.squares.AlarmSquare",
				"snakes.squares.FirstSquare",
				"snakes.squares.InstantLoseSquare",
				"snakes.squares.StandardSquare",
				"snakes.squares.LadderSquare",
				"snakes.squares.SleepSquare",
				"snakes.squares.SnakeSquare"
			],
			"isPrivate": false,
			"InnerClasses": [],
			"anyj": 0,
			"dir": 0,
			"anyc": 0,
			"wjpd": 0
		},
		{
			"documentation": "",
			"name": "snakes.Player",
			"extends": "",
			"Methods": [
				{
					"signature": "private boolean invariant()",
					"documentation": "",
					"line": 11,
					"code": "\n\n    private boolean invariant() {\n        return name != null\n                \u0026\u0026 square != null;\n    }"
				},
				{
					"signature": "public Player(String name)",
					"documentation": "",
					"line": 16,
					"code": "\n    public Player(String name) {\n        this.name = name;\n        // invariant holds only after joining a game\n    }"
				},
				{
					"signature": "public void joinGame(Game game)",
					"documentation": "",
					"line": 21,
					"code": "\n    public void joinGame(Game game) {\n        square = game.firstSquare();\n        square.enter(this);\n        assert invariant();\n    }"
				},
				{
					"signature": "public int position()",
					"documentation": "",
					"line": 27,
					"code": "\n    public int position() {\n        assert invariant();\n        return square.position();\n    }"
				},
				{
					"signature": "public boolean moveForward(int moves)",
					"documentation": "",
					"line": 32,
					"code": "\n    public boolean moveForward(int moves) {\n        assert moves \u003e 0;\n        square.leave(this);\n        square = square.moveAndLand(moves);\n        square.enter(this);\n        return true;\n    }"
				},
				{
					"signature": "public void skipTurn()",
					"documentation": "",
					"line": 40,
					"code": "\n    public void skipTurn() {\n        this.sleepingTurns--;\n    }"
				},
				{
					"signature": "public boolean isSleeping()",
					"documentation": "",
					"line": 44,
					"code": "\n    public boolean isSleeping() {\n        return (this.sleepingTurns \u003e 0) ? true : false;\n    }"
				},
				{
					"signature": "public void goToSleep(int turns)",
					"documentation": "",
					"line": 48,
					"code": "\n    public void goToSleep(int turns) {\n        this.sleepingTurns = turns;\n    }"
				},
				{
					"signature": "public void wakeUp()",
					"documentation": "",
					"line": 51,
					"code": "    public void wakeUp() {\n        this.sleepingTurns = 0;\n    }"
				},
				{
					"signature": "public boolean isOnAlarmSquare()",
					"documentation": "",
					"line": 55,
					"code": "\n    public boolean isOnAlarmSquare() {\n        return square.isAlarmSquare();\n    }"
				},
				{
					"signature": "public String toString()",
					"documentation": "",
					"line": 60,
					"code": "\n\n        public String toString() {\n        return name;\n    }"
				},
				{
					"signature": "public ISquare square()",
					"documentation": "",
					"line": 64,
					"code": "\n    public ISquare square() {\n        return square;\n    }"
				},
				{
					"signature": "public boolean wins()",
					"documentation": "",
					"line": 68,
					"code": "\n    public boolean wins() {\n        return square.isLastSquare();\n    }"
				},
				{
					"signature": "public boolean isOnInstantLoseSquare()",
					"documentation": "",
					"line": 71,
					"code": "    public boolean isOnInstantLoseSquare() {\n        if (square.isInstantLoseSquare()){\n            square.leave(this);\n            return true;\n        }\n        else return false;\n    }"
				}
			],
			"interfaces": [],
			"path": "/exercise02-toy-project/src/snakes/Player.java",
			"type": "class",
			"isTest": false,
			"testClasses": [],
			"subClasses": [],
			"implementedBy": [],
			"uses": [
				"snakes.Game",
				"snakes.squares.ISquare"
			],
			"usedBy": [
				"snakes.squares.ISquare",
				"snakes.squares.FirstSquare",
				"snakes.squares.StandardSquare"
			],
			"isPrivate": false,
			"InnerClasses": [],
			"anyj": 0,
			"dir": 0,
			"anyc": 0,
			"wjpd": 0
		},
		{
			"documentation": "/**\n * Defines a special square where all sleeping players (on any square) are woken up.\n *\n * It returns true of the square is an AlarmSquare and provides an ALARM label and the position\n * of the square\n *\n * @version 1.0\n * @author  Manuel Aschwanden\n * @author  Niklas Hirschi\n * @author  Lukas Frei\n */",
			"name": "snakes.squares.AlarmSquare",
			"extends": "snakes.squares.StandardSquare",
			"Methods": [
				{
					"signature": "public AlarmSquare(Game game, int position)",
					"documentation": "/**\n * Defines a special square where all sleeping players (on any square) are woken up.\n *\n * It returns true of the square is an AlarmSquare and provides an ALARM label and the position\n * of the square\n *\n * @version 1.0\n * @author  Manuel Aschwanden\n * @author  Niklas Hirschi\n * @author  Lukas Frei\n */",
					"line": 18,
					"code": "\n    public AlarmSquare(Game game, int position) {\n        super(game, position);\n    }"
				},
				{
					"signature": "public boolean isAlarmSquare()",
					"documentation": "",
					"line": 22,
					"code": "\n    public boolean isAlarmSquare() {\n        return true;\n    }"
				},
				{
					"signature": "@Override\n    public String squareLabel()",
					"documentation": "/**\n     *\n     * @return Label ALARM plus position of square\n     */",
					"line": 31,
					"code": "    @Override\n    public String squareLabel() {\n        return String.format(\"%d (ALARM)\", position);\n    }"
				}
			],
			"interfaces": [],
			"path": "/exercise02-toy-project/src/snakes/squares/AlarmSquare.java",
			"type": "class",
			"isTest": false,
			"testClasses": [
				"snakes.SimpleGameTest",
				"snakes.squares.SleepAlarmTest"
			],
			"subClasses": [],
			"implementedBy": [],
			"uses": [
				"snakes.Game"
			],
			"usedBy": [],
			"isPrivate": false,
			"InnerClasses": [],
			"anyj": 0.33333334,
			"dir": 0.2,
			"anyc": 0.6666667,
			"wjpd": 2.3333333
		},
		{
			"documentation": "/**\n * Defines the first square in the game by extending the StandardSquare.\n * The first square ist the starting point for all players and the place\n * they get sent to if the land on an already occupied field. It can hold\n * multiple players and  they can't get sent home\n *\n * @version 1.0\n * @author  Manuel Aschwanden\n * @author  Niklas Hirschi\n * @author  Lukas Frei\n */",
			"name": "snakes.squares.FirstSquare",
			"extends": "snakes.squares.StandardSquare",
			"Methods": [
				{
					"signature": "public FirstSquare(Game game, int position)",
					"documentation": "/**\n     *\n     * @param game      Current game\n     * @param position  Position of the first square\n     */",
					"line": 28,
					"code": "    public FirstSquare(Game game, int position) {\n        super(game, position);\n        players = new ArrayList\u003cPlayer\u003e();\n    }"
				},
				{
					"signature": "public ISquare landHereOrGoHome()",
					"documentation": "",
					"line": 33,
					"code": "\n    public ISquare landHereOrGoHome() {\n        return this;\n    }"
				},
				{
					"signature": "@Override\n    public boolean isOccupied()",
					"documentation": "",
					"line": 39,
					"code": "\n\n    @Override\n    public boolean isOccupied() {\n        return !players.isEmpty();\n    }"
				},
				{
					"signature": "@Override\n    public void enter(Player player)",
					"documentation": "",
					"line": 44,
					"code": "\n    @Override\n    public void enter(Player player) {\n        assert !players.contains(player);\n        players.add(player);\n    }"
				},
				{
					"signature": "@Override\n    public void leave(Player player)",
					"documentation": "",
					"line": 50,
					"code": "\n    @Override\n    public void leave(Player player) {\n        assert players.contains(player);\n        players.remove(player);\n    }"
				},
				{
					"signature": "@Override\n    public boolean isFirstSquare()",
					"documentation": "",
					"line": 56,
					"code": "\n    @Override\n    public boolean isFirstSquare() {\n        return true;\n    }"
				},
				{
					"signature": "@Override\n    protected String player()",
					"documentation": "",
					"line": 61,
					"code": "    \n    @Override\n    protected String player() {\n        StringBuffer buffer = new StringBuffer();\n        for (Player player : players) {\n            buffer.append(\"\u003c\" + player + \"\u003e\");\n        }\n        return buffer.toString();\n    }"
				}
			],
			"interfaces": [],
			"path": "/exercise02-toy-project/src/snakes/squares/FirstSquare.java",
			"type": "class",
			"isTest": false,
			"testClasses": [],
			"subClasses": [],
			"implementedBy": [],
			"uses": [
				"snakes.Game",
				"snakes.Player",
				"snakes.squares.ISquare"
			],
			"usedBy": [],
			"isPrivate": false,
			"InnerClasses": [],
			"anyj": 0.14285715,
			"dir": 0.22222222,
			"anyc": 0.14285715,
			"wjpd": 1.5714285
		},
		{
			"documentation": "/**\n * The interface for all different types of squares in the snakes \u0026 ladders game.\n *\n * @author  Manuel Aschwanden\n * @author  Niklas Hirschi\n * @author  Lukas Frei\n * @version 1.0\n * @see     StandardSquare implements this interface\n */",
			"name": "snakes.squares.ISquare",
			"extends": "",
			"Methods": [
				{
					"signature": "public int position()",
					"documentation": "/**\n * The interface for all different types of squares in the snakes \u0026 ladders game.\n *\n * @author  Manuel Aschwanden\n * @author  Niklas Hirschi\n * @author  Lukas Frei\n * @version 1.0\n * @see     StandardSquare implements this interface\n */",
					"line": 15,
					"code": ""
				},
				{
					"signature": "public ISquare moveAndLand(int moves)",
					"documentation": "/**\n     *\n     * @param moves The number of steps a player can move forward\n     * @return returns square the user hase moved to\n     */",
					"line": 22,
					"code": ""
				},
				{
					"signature": "public boolean isFirstSquare()",
					"documentation": "/**\n     *\n     * @return true if square is the first square\n     */",
					"line": 27,
					"code": ""
				},
				{
					"signature": "public boolean isLastSquare()",
					"documentation": "/**\n     *\n     * @return true if square is the last square\n     */",
					"line": 32,
					"code": ""
				},
				{
					"signature": "public boolean isInstantLoseSquare()",
					"documentation": "/**\n     *\n     * @return true if square is an instant lose square\n     */",
					"line": 37,
					"code": ""
				},
				{
					"signature": "public void enter(Player player)",
					"documentation": "/**\n     *\n     * @param player that shall enter the field\n     */",
					"line": 42,
					"code": ""
				},
				{
					"signature": "public void leave(Player player)",
					"documentation": "/**\n     *\n     * @param player that shall leave the field\n     */",
					"line": 47,
					"code": ""
				},
				{
					"signature": "public boolean isOccupied()",
					"documentation": "/**\n     *\n     * @return returns true if square is occupied\n     */",
					"line": 52,
					"code": ""
				},
				{
					"signature": "public ISquare landHereOrGoHome()",
					"documentation": "/**\n     *\n     * @return returns the square that user has landed on\n     */",
					"line": 57,
					"code": ""
				},
				{
					"signature": "public boolean isAlarmSquare()",
					"documentation": "/**\n     *\n     * @return Boolean true if the square is an AlarmSquare\n     */",
					"line": 62,
					"code": ""
				}
			],
			"interfaces": [],
			"path": "/exercise02-toy-project/src/snakes/squares/ISquare.java",
			"type": "interface",
			"isTest": false,
			"testClasses": [],
			"subClasses": [],
			"implementedBy": [
				"snakes.squares.StandardSquare"
			],
			"uses": [
				"snakes.Player"
			],
			"usedBy": [
				"snakes.squares.LadderSquare",
				"snakes.Player",
				"snakes.squares.StandardSquare",
				"snakes.squares.FirstSquare"
			],
			"isPrivate": false,
			"InnerClasses": [],
			"anyj": 0.9,
			"dir": 0.90909094,
			"anyc": 1,
			"wjpd": 8.3
		},
		{
			"documentation": "/**\n * A field in the game where the player that hits it instantly loses.\n * The settings of the currently initialized game (\"game\" and \"position\")\n * are passed and a boolean true for isInstantLoseSquare plus a Label LOSE\n * and the position of the square are returned.\n *\n * @version 1.0\n * @author  Manuel Aschwanden\n * @author  Niklas Hirschi\n * @author  Lukas Frei\n */",
			"name": "snakes.squares.InstantLoseSquare",
			"extends": "snakes.squares.StandardSquare",
			"Methods": [
				{
					"signature": "public InstantLoseSquare(Game game, int position)",
					"documentation": "/**\n     *\n     * @param game      current game\n     * @param position  position of instant lose square\n     */",
					"line": 23,
					"code": "    public InstantLoseSquare(Game game, int position) {\n        super(game, position);\n    }"
				},
				{
					"signature": "@Override\n    public boolean isInstantLoseSquare()",
					"documentation": "",
					"line": 28,
					"code": "\n    @Override\n    public boolean isInstantLoseSquare() {\n        return true;\n    }"
				},
				{
					"signature": "@Override\n    public String squareLabel()",
					"documentation": "/**\n     *\n     * @return Returns the label LOSE and the position of the instant lose field\n     */",
					"line": 37,
					"code": "    @Override\n    public String squareLabel() {\n        return String.format(\"%d (LOSE)\", position);\n    }"
				}
			],
			"interfaces": [],
			"path": "/exercise02-toy-project/src/snakes/squares/InstantLoseSquare.java",
			"type": "class",
			"isTest": false,
			"testClasses": [
				"snakes.SimpleGameTest",
				"snakes.squares.InstantLoseSquareTest"
			],
			"subClasses": [],
			"implementedBy": [],
			"uses": [
				"snakes.Game"
			],
			"usedBy": [],
			"isPrivate": false,
			"InnerClasses": [],
			"anyj": 0.6666667,
			"dir": 0.6,
			"anyc": 0.6666667,
			"wjpd": 8
		},
		{
			"documentation": "/**\n * Defines a special square where the respective player can advance.\n *\n * It checks if  a transport to a more advanced destination field is valid and returns\n * the new position.\n *\n * @see SnakeSquare extends this method\n * @version 1.0\n * @author  Manuel Aschwanden\n * @author  Niklas Hirschi\n * @author  Lukas Frei\n */",
			"name": "snakes.squares.LadderSquare",
			"extends": "snakes.squares.StandardSquare",
			"Methods": [
				{
					"signature": "private boolean invariant()",
					"documentation": "/**\n     *\n     * @return Boolean if valid for transport\n     */",
					"line": 25,
					"code": "    private boolean invariant() {\n        return isValidTransport(transport);\n    }"
				},
				{
					"signature": "private boolean isValidTransport(int transport)",
					"documentation": "/**\n     *\n     * @param transport New destination square\n     * @return          New destination square\n     */",
					"line": 34,
					"code": "    private boolean isValidTransport(int transport) {\n        return transport != 0 \u0026\u0026 game.isValidPosition(position + transport);\n    }"
				},
				{
					"signature": "public LadderSquare(int transport, Game game, int position)",
					"documentation": "/**\n     *\n     * @param transport\n     * @param game\n     * @param position\n     */",
					"line": 44,
					"code": "    public LadderSquare(int transport, Game game, int position) {\n        super(game, position);\n        assert isValidTransport(transport);\n        this.transport = transport;\n        assert invariant();\n    }"
				},
				{
					"signature": "@Override\n    protected String squareLabel()",
					"documentation": "/**\n     *\n     * @return Label Advance plus number of positions\n     */",
					"line": 56,
					"code": "    @Override\n    protected String squareLabel() {\n        return position + \"-\u003e\" + this.destination().position();\n    }"
				},
				{
					"signature": "@Override\n    public ISquare landHereOrGoHome()",
					"documentation": "/**\n     *\n     * @return\n     */",
					"line": 65,
					"code": "    @Override\n    public ISquare landHereOrGoHome() {\n        return this.destination().landHereOrGoHome();\n    }"
				},
				{
					"signature": "protected ISquare destination()",
					"documentation": "/**\n     *\n     * @return Destination\n     */",
					"line": 73,
					"code": "    protected ISquare destination() {\n        return game.getSquare(position+transport);\n    }"
				}
			],
			"interfaces": [],
			"path": "/exercise02-toy-project/src/snakes/squares/LadderSquare.java",
			"type": "class",
			"isTest": false,
			"testClasses": [],
			"subClasses": [
				"snakes.squares.SnakeSquare"
			],
			"implementedBy": [],
			"uses": [
				"snakes.Game",
				"snakes.squares.ISquare"
			],
			"usedBy": [],
			"isPrivate": false,
			"InnerClasses": [],
			"anyj": 1,
			"dir": 0.9,
			"anyc": 1,
			"wjpd": 5.1666665
		},
		{
			"documentation": "/**\n * Defines the last square in the game by extending the StandardSquare.\n *\n * @version 1.0\n * @author  Manuel Aschwanden\n * @author  Niklas Hirschi\n * @author  Lukas Frei\n */",
			"name": "snakes.squares.LastSquare",
			"extends": "snakes.squares.StandardSquare",
			"Methods": [
				{
					"signature": "public LastSquare(Game game, int position)",
					"documentation": "/**\n     *\n     * @param game      current game defined in Game.java\n     * @param position  position of last square defined in Game.java through number of squares (final ist last square)\n     */",
					"line": 20,
					"code": "    public LastSquare(Game game, int position) {\n        super(game, position);\n    }"
				},
				{
					"signature": "@Override\n    public boolean isLastSquare()",
					"documentation": "/**\n     *\n     * @return Is the last square of the game\n     */",
					"line": 29,
					"code": "    @Override\n    public boolean isLastSquare() {\n        return true;\n    }"
				}
			],
			"interfaces": [],
			"path": "/exercise02-toy-project/src/snakes/squares/LastSquare.java",
			"type": "class",
			"isTest": false,
			"testClasses": [],
			"subClasses": [],
			"implementedBy": [],
			"uses": [],
			"usedBy": [],
			"isPrivate": false,
			"InnerClasses": [],
			"anyj": 1,
			"dir": 0.75,
			"anyc": 1,
			"wjpd": 16
		},
		{
			"documentation": "/**\n * A special field in the game where the player that hits it has to pause for the amount displayed on the die.\n *\n * @version 1.0\n * @author  Manuel Aschwanden\n * @author  Niklas Hirschi\n * @author  Lukas Frei\n */",
			"name": "snakes.squares.SleepSquare",
			"extends": "snakes.squares.StandardSquare",
			"Methods": [
				{
					"signature": "public SleepSquare(Game game, int position)",
					"documentation": "/**\n     *\n     * @param game      Current game\n     * @param position  Position of the Sleep Square\n     */",
					"line": 22,
					"code": "    public SleepSquare(Game game, int position) {\n        super(game, position);\n    }"
				},
				{
					"signature": "@Override\n    public void enter(Player player)",
					"documentation": "/**\n     *\n     * @param player    The Player\n     */",
					"line": 31,
					"code": "    @Override\n    public void enter(Player player) {\n        assert this.player == null;\n        this.player = player;\n        Die die = new Die(5);\n        player.goToSleep( die.roll() );\n    }"
				},
				{
					"signature": "@Override\n    public String squareLabel()",
					"documentation": "/**\n     *\n     * @return Label \"Sleep\" and the respective position in the game\n     */",
					"line": 43,
					"code": "    @Override\n    public String squareLabel() {\n        return String.format(\"%d (Sleep)\", position);\n    }"
				}
			],
			"interfaces": [],
			"path": "/exercise02-toy-project/src/snakes/squares/SleepSquare.java",
			"type": "class",
			"isTest": false,
			"testClasses": [
				"snakes.squares.SleepAlarmTest",
				"snakes.SimpleGameTest"
			],
			"subClasses": [],
			"implementedBy": [],
			"uses": [
				"snakes.Die",
				"snakes.Game"
			],
			"usedBy": [],
			"isPrivate": false,
			"InnerClasses": [],
			"anyj": 1,
			"dir": 0.8,
			"anyc": 1,
			"wjpd": 8.333333
		},
		{
			"documentation": "/**\n * Defines a special square where the respective player has to move back a certain amount of squares\n *\n * It checks if  a transport to a less advanced destination field is valid and returns\n * the new position.\n *\n * @version 1.0\n * @author  Manuel Aschwanden\n * @author  Niklas Hirschi\n * @author  Lukas Frei\n */",
			"name": "snakes.squares.SnakeSquare",
			"extends": "snakes.squares.LadderSquare",
			"Methods": [
				{
					"signature": "public SnakeSquare(int transport, Game game, int position)",
					"documentation": "/**\n     *\n     * @param transport     Number of steps to go back\n     * @param game          Current game\n     * @param position      Position of the SnakeSquare\n     */",
					"line": 24,
					"code": "    public SnakeSquare(int transport, Game game, int position) {\n        super(transport, game, position);\n    }"
				},
				{
					"signature": "@Override\n    protected String squareLabel()",
					"documentation": "/**\n     *\n     * @return Label \"arrow-back\" plus the number o steps to go back\n     */",
					"line": 33,
					"code": "    @Override\n    protected String squareLabel() {\n        return this.destination().position() + \"\u003c-\" + position;\n    }"
				}
			],
			"interfaces": [],
			"path": "/exercise02-toy-project/src/snakes/squares/SnakeSquare.java",
			"type": "class",
			"isTest": false,
			"testClasses": [],
			"subClasses": [],
			"implementedBy": [],
			"uses": [
				"snakes.Game"
			],
			"usedBy": [],
			"isPrivate": false,
			"InnerClasses": [],
			"anyj": 1,
			"dir": 0.8,
			"anyc": 1,
			"wjpd": 14.5
		},
		{
			"documentation": "/**\n * Defines the standard square in the game by implementing the interface ISquare.\n * A standard square does not have any special powers - players can simply land on it.\n * If the square is already occupied, the user gets sent home.\n *\n * @see AlarmSquare extends this class\n * @see SleepSquare extends this class\n * @see LastSquare extends this class\n * @see LadderSquare extends this class\n * @see InstantLoseSquare extends this class\n * @see FirstSquare extends this class\n * @version 1.0\n * @author  Manuel Aschwanden\n * @author  Niklas Hirschi\n * @author  Lukas Frei\n */",
			"name": "snakes.squares.StandardSquare",
			"extends": "",
			"Methods": [
				{
					"signature": "private boolean invariant()",
					"documentation": "/**\n * Defines the standard square in the game by implementing the interface ISquare.\n * A standard square does not have any special powers - players can simply land on it.\n * If the square is already occupied, the user gets sent home.\n *\n * @see AlarmSquare extends this class\n * @see SleepSquare extends this class\n * @see LastSquare extends this class\n * @see LadderSquare extends this class\n * @see InstantLoseSquare extends this class\n * @see FirstSquare extends this class\n * @version 1.0\n * @author  Manuel Aschwanden\n * @author  Niklas Hirschi\n * @author  Lukas Frei\n */",
					"line": 29,
					"code": "\n\n    private boolean invariant() {\n        return game != null\n                \u0026\u0026 game.isValidPosition(position);\n    }"
				},
				{
					"signature": "public StandardSquare(Game game, int position)",
					"documentation": "/**\n     *\n     * @param game      The currently initialized game\n     * @param position  The position of the square\n     */",
					"line": 39,
					"code": "    public StandardSquare(Game game, int position) {\n        this.game = game;\n        this.position = position;\n        assert invariant();\n    }"
				},
				{
					"signature": "public int position()",
					"documentation": "/**\n     *\n     * @return  Position of the standard square\n     */",
					"line": 49,
					"code": "    public int position() {\n        return this.position;\n    }"
				},
				{
					"signature": "public ISquare moveAndLand(int moves)",
					"documentation": "/**\n     *\n     * @param moves The number of steps a player can move forward\n     * @return      Information if the field can be visited or if user has to go back to square 1\n     */",
					"line": 58,
					"code": "    public ISquare moveAndLand(int moves) {\n        return game.findSquare(position, moves).landHereOrGoHome();\n    }"
				},
				{
					"signature": "protected ISquare nextSquare()",
					"documentation": "",
					"line": 62,
					"code": "\n    protected ISquare nextSquare() {\n        return game.getSquare(position+1);\n    }"
				},
				{
					"signature": "protected ISquare previousSquare()",
					"documentation": "",
					"line": 66,
					"code": "\n    protected ISquare previousSquare() {\n        return game.getSquare(position-1);\n    }"
				},
				{
					"signature": "public ISquare landHereOrGoHome()",
					"documentation": "",
					"line": 70,
					"code": "\n    public ISquare landHereOrGoHome() {\n        return this.isOccupied() ? game.firstSquare() : this;\n    }"
				},
				{
					"signature": "public String toString()",
					"documentation": "",
					"line": 74,
					"code": "\n    public String toString() {\n        return \"[\" + this.squareLabel() + this.player() + \"]\";\n    }"
				},
				{
					"signature": "protected String squareLabel()",
					"documentation": "",
					"line": 78,
					"code": "\n    protected String squareLabel() {\n        return Integer.toString(position);\n    }"
				},
				{
					"signature": "public boolean isOccupied()",
					"documentation": "",
					"line": 82,
					"code": "\n    public boolean isOccupied() {\n        return player != null;\n    }"
				},
				{
					"signature": "public void enter(Player player)",
					"documentation": "/**\n     *\n     * @param player    The Player\n     */",
					"line": 90,
					"code": "    public void enter(Player player) {\n        assert this.player == null;\n        this.player = player;\n    }"
				},
				{
					"signature": "public void leave(Player player)",
					"documentation": "/**\n     *\n     * @param player    The Player\n     */",
					"line": 99,
					"code": "    public void leave(Player player) {\n        assert this.player == player;\n        this.player = null;\n    }"
				},
				{
					"signature": "public boolean isFirstSquare()",
					"documentation": "",
					"line": 104,
					"code": "\n    public boolean isFirstSquare() {\n        return false;\n    }"
				},
				{
					"signature": "public boolean isAlarmSquare()",
					"documentation": "",
					"line": 108,
					"code": "\n    public boolean isAlarmSquare() {\n        return false;\n    }"
				},
				{
					"signature": "public boolean isInstantLoseSquare()",
					"documentation": "",
					"line": 112,
					"code": "\n    public boolean isInstantLoseSquare() {\n        return false;\n    }"
				},
				{
					"signature": "public void goToSleep()",
					"documentation": "",
					"line": 116,
					"code": "\n    public void goToSleep() { }"
				},
				{
					"signature": "public boolean isLastSquare()",
					"documentation": "",
					"line": 118,
					"code": "\n    public boolean isLastSquare() {\n        return false;\n    }"
				},
				{
					"signature": "protected String player()",
					"documentation": "",
					"line": 122,
					"code": "\n    protected String player() {\n        return this.isOccupied() ? (\"\u003c\" + this.player + \"\u003e\") : \"\";\n    }"
				}
			],
			"interfaces": [
				"snakes.squares.ISquare"
			],
			"path": "/exercise02-toy-project/src/snakes/squares/StandardSquare.java",
			"type": "class",
			"isTest": false,
			"testClasses": [],
			"subClasses": [
				"snakes.squares.AlarmSquare",
				"snakes.squares.FirstSquare",
				"snakes.squares.InstantLoseSquare",
				"snakes.squares.LadderSquare",
				"snakes.squares.LastSquare",
				"snakes.squares.SleepSquare"
			],
			"implementedBy": [],
			"uses": [
				"snakes.Game",
				"snakes.Player",
				"snakes.squares.ISquare"
			],
			"usedBy": [],
			"isPrivate": false,
			"InnerClasses": [],
			"anyj": 0.2777778,
			"dir": 0.35,
			"anyc": 0.33333334,
			"wjpd": 3.1111112
		},
		{
			"documentation": "",
			"name": "snakes.DieTest",
			"extends": "",
			"Methods": [
				{
					"signature": "@Test\n    public void testInRange()",
					"documentation": "",
					"line": 11,
					"code": "\n\n    @Test\n    public void testInRange() {\n        Die die = new Die();\n        for (int i = 1; i \u003c= MAX; i++) {\n            int result = die.roll();\n            assertTrue(result \u003e= 1 \u0026\u0026 result \u003c= die.getFaces());\n        }\n    }"
				},
				{
					"signature": "@Test\n    public void testMinReached()",
					"documentation": "",
					"line": 20,
					"code": "\n    @Test\n    public void testMinReached() {\n        assertTrue(reached(1));\n    }"
				},
				{
					"signature": "@Test\n    public void testMaxReached()",
					"documentation": "",
					"line": 25,
					"code": "\n    @Test\n    public void testMaxReached() {\n        Die die = new Die();\n        assertTrue(reached(die.getFaces()));\n    }"
				},
				{
					"signature": "@Test\n    public void testNSidedDieMaxReached()",
					"documentation": "",
					"line": 31,
					"code": "\n    @Test\n    public void testNSidedDieMaxReached() {\n        Die die = new Die(5);\n        assertTrue(reached(die.getFaces()));\n    }"
				},
				{
					"signature": "private boolean reached(int value)",
					"documentation": "/**\n     * Roll at most MAX times and return true if the given value has occurred.\n     *\n     * @param value value that needs to be rolled\n     * @return true, if the value has been rolled, false otherwise\n     */",
					"line": 42,
					"code": "    private boolean reached(int value) {\n        Die die = new Die();\n        for (int i = 1; i \u003c= MAX; i++) {\n            if (die.roll() == value) {\n                return true;\n            }\n        }\n        return false;\n    }"
				}
			],
			"interfaces": [],
			"path": "/exercise02-toy-project/test/snakes/DieTest.java",
			"type": "class",
			"isTest": true,
			"testClasses": [],
			"subClasses": [],
			"implementedBy": [],
			"uses": [
				"snakes.Die"
			],
			"usedBy": [],
			"isPrivate": false,
			"InnerClasses": [],
			"anyj": 0.2,
			"dir": 1,
			"anyc": 0.2,
			"wjpd": 6.4
		},
		{
			"documentation": "",
			"name": "snakes.SimpleGameTest",
			"extends": "",
			"Methods": [
				{
					"signature": "public Game newGame()",
					"documentation": "",
					"line": 18,
					"code": "\n\n    public Game newGame() {\n        jack = new Player(\"Jack\");\n        jill = new Player(\"Jill\");\n        Player[] args = { jack, jill };\n        game = new Game(15, args);\n        game.setSquareToLadder(2, 4);\n        game.setSquareToLadder(6, 2);\n        game.setSquareToSnake(11, -6);\n        game.setSquare(3, new AlarmSquare(game, 3));\n        game.setSquare(4, new SleepSquare(game, 4));\n        game.setSquare(7, new AlarmSquare(game, 7));\n        game.setSquare(10, new InstantLoseSquare(game, 10));\n        assertTrue(game.notOver());\n        assertTrue(game.firstSquare().isOccupied());\n        assertEquals(1, jack.position());\n        assertEquals(1, jill.position());\n        assertEquals(jack, game.currentPlayer());\n        return game;\n    }"
				},
				{
					"signature": "public Game setAnotherGameState()",
					"documentation": "",
					"line": 38,
					"code": "\n    public Game setAnotherGameState() {\n        jack = new Player(\"Jack\");\n        jill = new Player(\"Jill\");\n        Player[] args = { jack, jill };\n        game = new Game(15, args);\n        game.setSquareToLadder(2, 4);\n        game.setSquareToLadder(6, 2);\n        game.setSquareToSnake(11, -6);\n        game.setSquare(3, new AlarmSquare(game, 3));\n        game.setSquare(4, new SleepSquare(game, 4));\n        game.setSquare(10, new InstantLoseSquare(game, 10));\n        assertTrue(game.notOver());\n        assertTrue(game.firstSquare().isOccupied());\n        assertEquals(1, jack.position());\n        assertEquals(1, jill.position());\n        assertEquals(jack, game.currentPlayer());\n        return game;\n    }"
				},
				{
					"signature": "@Test\n    public void initialStrings()",
					"documentation": "",
					"line": 58,
					"code": "\n    @Test\n    public void initialStrings() {\n        newGame();\n        assertEquals(\"Jack\", jack.toString());\n        assertEquals(\"Jill\", jill.toString());\n        assertEquals(\"[1\u003cJack\u003e\u003cJill\u003e]\", game.firstSquare().toString());\n        assertEquals(\"[2-\u003e6]\", game.getSquare(2).toString());\n        assertEquals(\"[5\u003c-11]\", game.getSquare(11).toString());\n        assertEquals(\"[1\u003cJack\u003e\u003cJill\u003e][2-\u003e6][3 (ALARM)][4 (Sleep)][5][6-\u003e8][7 (ALARM)][8][9][10 (LOSE)][5\u003c-11][12][13][14][15]\", game.toString());\n    }"
				},
				{
					"signature": "@Test\n    public void playGame()",
					"documentation": "",
					"line": 69,
					"code": "\n    @Test\n    public void playGame() {\n        newGame();\n        game.movePlayer(4); // Jack moves\n        assertTrue(game.notOver());\n        assertEquals(5, jack.position());\n        assertEquals(1, jill.position());\n        assertEquals(jill, game.currentPlayer());\n        assertEquals(\"[1\u003cJill\u003e]\", game.firstSquare().toString());\n        assertEquals(\"[5\u003cJack\u003e]\", game.getSquare(5).toString());\n        game.movePlayer(5); // Jill moves, lands on ladder 6 -\u003e 8\n        assertTrue(game.notOver());\n        assertEquals(5, jack.position());\n        assertEquals(8, jill.position());\n        assertEquals(jack, game.currentPlayer());\n        game.movePlayer(4); // Jack's turn\n        assertEquals(9, jack.position());\n        assertEquals(8, jill.position());\n        game.movePlayer(6); // Jill moves\n        game.movePlayer(2); // Jack moves\n        game.movePlayer(1); // Jill wins\n        assertTrue(game.isOver());\n        assertEquals(jill, game.winner());\n    }"
				},
				{
					"signature": "@Test\n    public void playerOutOfBoard()",
					"documentation": "",
					"line": 94,
					"code": "\n    @Test\n    public void playerOutOfBoard() {\n        setAnotherGameState();\n        assertEquals(jack, game.currentPlayer());\n\n        game.movePlayer(6); // Jack moves\n        assertTrue(game.notOver());\n        assertEquals(7, jack.position());\n        assertEquals(1, jill.position());\n        assertEquals(jill, game.currentPlayer());\n        assertEquals(\"[1\u003cJill\u003e]\", game.firstSquare().toString());\n        assertEquals(\"[7\u003cJack\u003e]\", game.getSquare(7).toString());\n\n        game.movePlayer(6); // Jill can not move as the square is already occupied\n        assertTrue(game.notOver());\n        assertEquals(7, jack.position());\n        assertEquals(1, jill.position());\n        assertEquals(jack, game.currentPlayer()); // It is Jack turn now\n\n        game.movePlayer(6); // Jack move from square 7 to square 13\n        assertEquals(13, jack.position());\n        assertEquals(1, jill.position());\n\n        game.movePlayer(6); // Jill moves\n        assertEquals(7, jill.position());\n        assertEquals(13, jack.position());\n\n        game.movePlayer(3); // Jack moves 3, should not be out of board, either Jack should be on the 14 square or move to the first square\n        assertEquals(14, jack.position());\n        assertTrue(game.notOver());\n    }"
				}
			],
			"interfaces": [],
			"path": "/exercise02-toy-project/test/snakes/SimpleGameTest.java",
			"type": "class",
			"isTest": true,
			"testClasses": [],
			"subClasses": [],
			"implementedBy": [],
			"uses": [
				"snakes.squares.AlarmSquare",
				"snakes.Game",
				"snakes.squares.InstantLoseSquare",
				"snakes.squares.SleepSquare"
			],
			"usedBy": [],
			"isPrivate": false,
			"InnerClasses": [],
			"anyj": 0,
			"dir": 0,
			"anyc": 0,
			"wjpd": 0
		},
		{
			"documentation": "",
			"name": "snakes.squares.InstantLoseSquareTest",
			"extends": "snakes.squares.SquareTest",
			"Methods": [
				{
					"signature": "public void newGame(int numberOfPlayers)",
					"documentation": "",
					"line": 9,
					"code": "\n    public void newGame(int numberOfPlayers) {\n        initializeGame(5, numberOfPlayers);\n        game.setSquare(3, new InstantLoseSquare(game, 3));\n        assertTrue(game.notOver());\n        assertTrue(game.firstSquare().isOccupied());\n        assertNull(game.winner());\n        assertEquals(\"[]\" , game.losers().toString());\n    }"
				},
				{
					"signature": "@Test\n    public void moveToInstantLoseSquareTwoPlayer()",
					"documentation": "",
					"line": 19,
					"code": "\n    @Test\n    public void moveToInstantLoseSquareTwoPlayer() {\n        newGame(2);\n        game.movePlayer(2);\n        assertEquals(\"Jill\", game.winner().toString());\n        assertEquals(\"[Jack]\", game.losers().toString());\n    }"
				},
				{
					"signature": "@Test\n    public void moveToInstantLoseSquareThreePlayer()",
					"documentation": "",
					"line": 27,
					"code": "\n    @Test\n    public void moveToInstantLoseSquareThreePlayer() {\n        newGame(3);\n        game.movePlayer(2);\n        assertEquals(\"[1\u003cJill\u003e\u003cBob\u003e]\", game.firstSquare().toString());\n        assertTrue(game.notOver());\n        assertEquals(\"[Jack]\", game.losers().toString());\n        game.movePlayer(2);\n        String checker =  game.losers().toString();\n        assertEquals(\"[Jack, Jill]\", game.losers().toString());\n        assertEquals(\"Bob\", game.winner().toString());\n    }"
				}
			],
			"interfaces": [],
			"path": "/exercise02-toy-project/test/snakes/squares/InstantLoseSquareTest.java",
			"type": "class",
			"isTest": true,
			"testClasses": [],
			"subClasses": [],
			"implementedBy": [],
			"uses": [
				"snakes.squares.InstantLoseSquare"
			],
			"usedBy": [],
			"isPrivate": false,
			"InnerClasses": [],
			"anyj": 0,
			"dir": 0,
			"anyc": 0,
			"wjpd": 0
		},
		{
			"documentation": "",
			"name": "snakes.squares.SleepAlarmTest",
			"extends": "snakes.squares.SquareTest",
			"Methods": [
				{
					"signature": "@Override\n    public void newGame(int numberOfPlayers)",
					"documentation": "",
					"line": 11,
					"code": "\n\n    @Override\n    public void newGame(int numberOfPlayers) {\n        initializeGame(15, numberOfPlayers);\n        game.setSquare(4, new SleepSquare(game, 4));\n        game.setSquare(5, new SleepSquare(game, 5));\n        game.setSquare(8, new AlarmSquare(game, 8));\n        game.setSquare(12, new AlarmSquare(game, 12));\n    }"
				},
				{
					"signature": "@Test\n    public void gameInitializationCheck()",
					"documentation": "",
					"line": 20,
					"code": "\n    @Test\n    public void gameInitializationCheck() {\n        newGame(2);\n        assertTrue(game.notOver());\n        assertTrue(game.firstSquare().isOccupied());\n        assertNull(game.winner());\n        assertEquals(\"[1\u003cJack\u003e\u003cJill\u003e][2][3][4 (Sleep)][5 (Sleep)][6][7][8 (ALARM)][9][10][11][12 (ALARM)][13][14][15]\", game.toString());\n    }"
				},
				{
					"signature": "@Test\n    public void moveToSleepSquare()",
					"documentation": "",
					"line": 29,
					"code": "\n    @Test\n    public void moveToSleepSquare() {\n        newGame(2);\n        game.movePlayer(4);\n        assertEquals(\"Jill\", game.currentPlayer().toString());\n        assertFalse(game.currentPlayer().isSleeping());\n        assertEquals(\"[5 (Sleep)\u003cJack\u003e]\", game.getSquare(5).toString());\n\n\n        game.movePlayer(2);\n        assertEquals(\"Jill\", game.currentPlayer().toString());\n        assertEquals(\"[5 (Sleep)\u003cJack\u003e]\", game.getSquare(5).toString());\n\n\n        game.movePlayer(2);\n        assertEquals(\"[1\u003cJill\u003e]\", game.firstSquare().toString());\n        assertEquals(\"[5 (Sleep)\u003cJack\u003e]\", game.getSquare(5).toString());\n    }"
				},
				{
					"signature": "@Test\n    public void moveToAlarmSquare()",
					"documentation": "",
					"line": 48,
					"code": "\n    @Test\n    public void moveToAlarmSquare() {\n        newGame(3);\n        game.movePlayer(5);\n        game.movePlayer(4);\n        assertEquals(\"[Jill]\", game.getSleepingPlayers().toString());\n        game.movePlayer(3);\n        assertEquals(\"[Jill, Bob]\", game.getSleepingPlayers().toString());\n        game.movePlayer(2);\n        assertTrue(game.currentPlayer().isOnAlarmSquare());\n        assertEquals(\"[]\", game.getSleepingPlayers().toString());\n        assertEquals(\"[5 (Sleep)\u003cJill\u003e]\", game.getSquare(5).toString());\n        assertEquals(\"[4 (Sleep)\u003cBob\u003e]\", game.getSquare(4).toString());\n    }"
				}
			],
			"interfaces": [],
			"path": "/exercise02-toy-project/test/snakes/squares/SleepAlarmTest.java",
			"type": "class",
			"isTest": true,
			"testClasses": [],
			"subClasses": [],
			"implementedBy": [],
			"uses": [
				"snakes.squares.AlarmSquare",
				"snakes.squares.SleepSquare"
			],
			"usedBy": [],
			"isPrivate": false,
			"InnerClasses": [],
			"anyj": 0,
			"dir": 0,
			"anyc": 0,
			"wjpd": 0
		},
		{
			"documentation": "",
			"name": "snakes.squares.SquareTest",
			"extends": "",
			"Methods": [
				{
					"signature": "void initialize2Players()",
					"documentation": "",
					"line": 10,
					"code": "\n\n    void initialize2Players() {\n        jack = new Player(\"Jack\");\n        jill = new Player(\"Jill\");\n    }"
				},
				{
					"signature": "void initialize3Players()",
					"documentation": "",
					"line": 15,
					"code": "\n    void initialize3Players() {\n        jack = new Player(\"Jack\");\n        jill = new Player(\"Jill\");\n        bob = new Player(\"Bob\");\n    }"
				},
				{
					"signature": "void initializeGame(int size, int playerNumber)",
					"documentation": "",
					"line": 21,
					"code": "\n    void initializeGame(int size, int playerNumber) {\n        if (playerNumber == 2) {\n            initialize2Players();\n            game = new Game(size, new Player[] { jack, jill });\n        }\n        else if (playerNumber == 3) {\n            initialize3Players();\n            game = new Game(size, new Player[] { jack, jill, bob });\n        }\n    }"
				},
				{
					"signature": "public abstract void newGame(int NumberOfPlayers)",
					"documentation": "",
					"line": 32,
					"code": ""
				}
			],
			"interfaces": [],
			"path": "/exercise02-toy-project/test/snakes/squares/SquareTest.java",
			"type": "class",
			"isTest": true,
			"testClasses": [],
			"subClasses": [
				"snakes.squares.InstantLoseSquareTest",
				"snakes.squares.SleepAlarmTest"
			],
			"implementedBy": [],
			"uses": [
				"snakes.Game"
			],
			"usedBy": [],
			"isPrivate": false,
			"InnerClasses": [],
			"anyj": 0,
			"dir": 0,
			"anyc": 0,
			"wjpd": 0
		}
	]
}
